Algorithm,Input_SNR_dB,Output_SNR_dB,SNR_Improvement_dB,MSE_Before,MSE_After,MSE_Reduction_Percent,Execution_Time_s
LMS,6.500830054283142,9.235849976539612,2.7350199222564697,0.051710613,0.02754721,46.7281311750412,0.3669548034667969
NLMS,6.500830054283142,0.3164512664079666,-6.1843787878751755,0.051710613,0.21479173,-315.3726100921631,0.5539662837982178
RLS,6.500830054283142,4.042773544788361,-2.4580565094947815,0.051710613,0.09107209,-76.11876130104065,1.3836030960083008
