Algorithm,Input_SNR_dB,Output_SNR_dB,SNR_Improvement_dB,MSE_Before,MSE_After,MSE_Reduction_Percent,Execution_Time_s
LMS,6.492724418640137,9.287633895874023,2.7949094772338867,0.051807214,0.027220698,47.457706928253174,0.2091691493988037
NLMS,6.492724418640137,0.319049209356308,-6.173675209283829,0.051807214,0.21466328,-314.35017585754395,0.3332099914550781
RLS,6.492724418640137,4.062187969684601,-2.430536448955536,0.051807214,0.09066588,-75.00627636909485,0.9015011787414551
