Config,Filter_Order,Input_SNR,LMS_SNR_Imp,LMS_MSE_Red,LMS_Time,NLMS_SNR_Imp,NLMS_MSE_Red,NLMS_Time,RLS_SNR_Imp,RLS_MSE_Red,RLS_Time
BASELINE (Current),64,15,2.8191709518432617,47.750407457351685,0.21708011627197266,-6.202945299446583,-317.15216636657715,0.3341367244720459,-2.3205414414405823,-70.62951326370239,0.9173398017883301
REDUCED FILTER ORDER (32),32,15,4.31859016418457,63.005173206329346,0.21789002418518066,-6.234000269323587,-320.1458215713501,0.33335018157958984,-0.12602150440216064,-2.9442736878991127,0.7075369358062744
NLMS OPTIMIZED (μ=0.8),64,15,2.7012717723846436,46.312540769577026,0.23269224166870117,-6.740511804819107,-372.1187114715576,0.35088181495666504,-2.4491360783576965,-75.75739622116089,0.8782229423522949
RLS OPTIMIZED (λ=0.95),64,15,2.8195172548294067,47.7545827627182,0.21048283576965332,-6.182806640863419,-315.22226333618164,0.32757019996643066,-9.885006546974182,-873.8692283630371,0.9070029258728027
"COMBINED (Order=32, NLMS=0.8, RLS=0.95)",32,15,4.292855262756348,62.78530955314636,0.2177736759185791,-6.826050579547882,-381.5096855163574,0.3489193916320801,-6.913445852696896,-391.2975311279297,0.6668658256530762
"ALL ALGORITHMS BOOSTED (μ_lms=0.02, μ_nlms=1.0, λ=0.9)",32,15,2.6320719718933105,45.450252294540405,0.21634578704833984,-7.222180142998695,-427.49457359313965,0.3450446128845215,-10.13910561800003,-932.5486183166504,0.7283790111541748
"LONGER SIGNAL (Duration=5s, Order=64)",64,15,2.6984035968780518,46.27707898616791,0.465268611907959,-6.28077358007431,-324.69518184661865,0.7162027359008789,-2.7059537172317505,-86.46416664123535,1.955430269241333
HARDER PROBLEM (Input SNR=5dB),64,5,0.9589171409606934,19.81220692396164,0.2775299549102783,-4.104639440774918,-157.31431245803833,0.43428754806518555,-1.8717047572135925,-53.87584567070007,1.1761448383331299
