Config,LMS_SNR,LMS_MSE,NLMS_SNR,NLMS_MSE,RLS_SNR,RLS_MSE
TEST 1: Small Order (16),5.199806094169617,69.79913115501404,-6.356176286935806,-332.13324546813965,1.6356867551803589,31.383061408996582
TEST 2: Medium Order (32) + NLMS Boost,4.230207204818726,62.244588136672974,-5.3038836270570755,-239.14728164672852,-0.19309759140014648,-4.546564817428589
TEST 3: RLS Aggressive (λ=0.90),4.320130944252014,63.01829218864441,-6.228315494954586,-319.596266746521,-10.007005035877228,-901.6143798828125
TEST 4: Fully Optimized (Order=24),4.145618677139282,61.50200963020325,-4.882603883743286,-207.7941656112671,-10.482763946056366,-1017.5742149353027
TEST 5: Minimal Order (8),5.684084892272949,72.98583984375,-5.880754627287388,-287.3249292373657,-2.5367921590805054,-79.34083342552185
"TEST 6: Conservative NLMS (μ=0.1), Aggressive RLS (λ=0.80)",4.245434999465942,62.376731634140015,-1.9992855191230774,-58.46324563026428,-13.095535039901733,-1939.6400451660156
